{"indexes":[{"v":{"$numberInt":"2"},"key":{"_id":{"$numberInt":"1"}},"name":"_id_"},{"v":{"$numberInt":"2"},"key":{"follower":{"$numberInt":"1"}},"name":"follower_1","background":true},{"v":{"$numberInt":"2"},"key":{"following":{"$numberInt":"1"}},"name":"following_1","background":true},{"v":{"$numberInt":"2"},"key":{"follower":{"$numberInt":"1"},"following":{"$numberInt":"1"}},"name":"follower_1_following_1","background":true,"unique":true}],"uuid":"116fff4a3e0342e9ab2f03248df8aeaa","collectionName":"followings","type":"collection"}